,class 1,class 2,class 3,class 4
0,6.1156182677944715,6.735374359331275,4.929950714287574,7.605220140398003
